"Période";"1. Production des combustibles minéraux solides (en kt)";"2. Importations totales des combustibles minéraux solides (en kt)";"3. Exportations totales des combustibles minéraux solides (en kt)";"4. Variation de stocks des combustibles minéraux solides (en kt)";"5. Consommation totale des combustibles minéraux solides (en kt)";"5.1 Consommation des combustibles minéraux solides pour la production d'électricité (en kt)";"5.2 Consommation des combustibles minéraux solides par les cokeries, usines d'agglomération et autres transformations (en kt)";"5.3 Consommation des combustibles minéraux solides par la sidérurgie (y c. centrales électriques intégrées) (en kt)";"5.4 Livraisons des combustibles minéraux solides à l'industrie (hors sidérurgie. y c. centrales électriques intégrées) (en kt)";"5.5 Livraisons réelles des combustibles minéraux solides au secteur résidentiel-tertiaire (en kt)";"6. Consommation des combustibles minéraux solides CVC-CJO (en kt)";"6.1 Consommation des combustibles minéraux solides pour la production d'électricité CVC-CJO (en kt)";"6.2 Consommation des combustibles minéraux solides par la sidérurgie (y c. centrales électriques intégrées) CVC-CJO (en kt)";"7. Consommation des combustibles minéraux solides CVS-CVC-CJO (en kt)";"7.1 Consommation des combustibles minéraux solides pour la production d'électricité CVS-CVC-CJO (en kt)";"7.2 Consommation des combustibles minéraux solides par la sidérurgie (y c. centrales électriques intégrées) CVS-CVC-CJO (en kt)";"8. Stocks des combustibles minéraux solides en fin de mois (en kt)";"9. Degrés jours unifiés mensuels en France, pour la période de chauffe (vaut 0 de juin à septembre, en °C)";"10. Indice de rigueur climatique pour la France métropolitaine (ref.1 pour la période de référence) (sans unité)"
"PERIODE";"PROD_CMS";"QIMP_CMS";"QEXP_CMS";"VSTO_CMS";"CI_CMS";"CPE_CMS";"CAT_CMS";"CSID_CMS";"LIND_CMS";"LRT_CMS";"CI_CMS_COR1";"CPE_CMS_COR1";"CSID_CMS_COR1";"CI_CMS_COR2";"CPE_CMS_COR2";"CSID_CMS_COR2";"ST_CMS";"DJU";"INDRIG"
"2025-04";0;383.981;24.112;-115.355;475.223;"secret";"secret";271.288;84.549;"secret";476.429;16.74;269.873;529.508;32.991;306.702;1989.305;70.379;0.572
"2025-03";0;456.488;3.504;-11.825;559.459;"secret";"secret";363.994;83.3;"secret";565.225;16.196;366.824;574.269;19.689;372.374;2104.659;183.831;0.907
"2025-02";0;594.98;3.285;-12.477;559.255;51.54817;"secret";329.898;84.651;"secret";564.666;52.327;334.529;548.803;30.126;340.868;2116.484;241.424;0.907
"2025-01";0;545.813;17.542;48.693;655.186;89.03125;"secret";379.328;86.903;"secret";652.715;88.683;377.205;579.413;39.728;352.859;2128.961;304.418;0.984
"2024-12";0;194.844;10.097;-325.299;597.122;"secret";"secret";338.716;99.63;"secret";599.596;64.437;339.07;566.181;34.862;335.23;2080.268;279.594;0.96
"2024-11";0;521.668;91.726;-63.398;718.169;"secret";"secret";374.608;101.122;"secret";729.261;84.513;375.669;672.036;47.738;355.22;2405.567;175.062;0.883
"2024-10";0;527.497;52.979;63.352;619.511;"secret";"secret";351.346;102.718;"secret";623.463;26.265;349.223;618.447;30.478;339.993;2468.965;45.391;0.548
"2024-09";0;443.17;1.244;-126.841;567.786;49.3093383516399;"secret";319.358;102.924;"secret";568.838;49.3;320.419;605.808;73.479;333.21;2405.612;0;1
"2024-08";0;494.393;42.606;-23.908;614.024;"secret";"secret";369.618;101.2;"secret";609.12;8.74;369.972;590.008;23.02;336.579;2532.454;0;1
"2024-07";0;479.44;8.921;-112.732;582.672;"secret";"secret";368.279;101.42;"secret";576.601;8.866;366.157;592.148;24.749;365.821;2556.362;0;1
"2024-06";0;575.382;36.019;194.967;515.454;"secret";"secret";303.505;101.651;"secret";519.667;10.748;307.042;569.826;27.261;340.688;2669.094;0;1
"2024-05";0;402.853;0.618;-119.817;603.623;"secret";"secret";389.862;102.07;"secret";601.185;10.194;387.739;612.073;23.926;384.895;2474.127;30.001;0.604
"2024-04";0;575.671;20.808;71.171;556.909;"secret";"secret";310.064;101.829;"secret";555.872;13.213;308.649;604.97;24.975;345.985;2593.944;109.595;0.891
"2024-03";0;318.137;37.221;5.303;565.509;"secret";"secret";324.359;102.136;"secret";576.841;22.068;327.189;583.729;25.579;330.566;2522.773;156.593;0.773
"2024-02";0;494.284;1.273;22.788;579.65;51.35136748;"secret";327.169;100.947;"secret";584.249;70.551;312.568;559.511;40.67;317.712;2517.47;172.598;0.648
"2024-01";0;614.768;1.255;-100.884;640.053;71.695842;"secret";366.883;100.791;"secret";639.995;73.761;364.761;575.418;33.437;340.508;2494.682;299.789;0.969
"2023-12";0;290.105;22.688;64.625;601.885;47.4476113516874;"secret";342.111;83.725;"secret";615.863;58.596;344.941;583.563;32.325;338.912;2595.566;229.325;0.787
"2023-11";0;400.993;0.606;-148.574;605.904;42.6314230861055;"secret";375.368;83.581;"secret";609.723;47.865;373.953;570.678;28.195;354.578;2530.94;169.593;0.855
"2023-10";0;498.541;0.879;-69.737;603.144;21.4667941599852;"secret";398.262;84.893;"secret";612.557;30.526;398.616;609.923;34.482;392.026;2679.514;39.819;0.481
"2023-09";0;642.255;2.43;23.797;542.068;21.8169344801983;"secret";335.666;84.531;"secret";544.359;23.046;336.728;570.291;34.501;351.205;2749.252;0;1
"2023-08";0;358.53;22.679;-84.209;651.958;33.5961821253238;"secret";396.388;84.951;"secret";647.292;31.053;394.266;664.519;78.697;363.849;2725.455;0;1
"2023-07";0;529.035;19.068;-57.912;571.437;40.9017902243527;"secret";331.433;85.436;"secret";561.128;27.763;334.263;609.008;72.929;336.977;2809.664;0;1
"2023-06";0;528.952;1.528;54.083;509.483;33.5023003522069;"secret";274.309;84.747;"secret";503.385;28.82;272.894;575.028;70.896;302.461;2867.575;0;1
"2023-05";0;577.215;19.226;22.228;549.61;39.3244419933677;"secret";288.342;88.86;"secret";546.297;38.134;286.219;587.682;83.026;282.712;2813.492;31.752;0.639
"2023-04";0;863.766;19.825;24.328;528.976;40.6814549311044;"secret";292.263;83.504;"secret";533.632;41.801;295.8;600.001;73.858;330.112;2791.264;131.37;1.067
"2023-03";0;671.21;11.267;74.474;567.44;78.103946;"secret";307.205;82.947;"secret";585.144;97.931;305.082;596.078;109.747;304.201;2766.936;174.066;0.859
"2023-02";0;675.866;28.608;124.746;688.116;135.911143688961;"secret";368.241;83.037;"secret";694.604;137.767;372.872;641.412;79.817;377.631;2692.462;241.912;0.909
"2023-01";0;742.91;49.395;125.912;732.235;135.606886037936;"secret";402.64;83.988;"secret";758.366;161.384;402.994;648.603;75.162;379.453;2567.716;284.407;0.92
"2022-12";0;661.992;1.663;-122.795;915.77;331.47718056404;"secret";370.863;100.298;"secret";924.959;340.313;371.216;768.955;191.355;364.169;2441.804;282.175;0.969
"2022-11";0;539.28;0.935;157.499;708.906;118.618864076213;"secret";382.208;99.72;"secret";739.274;150.402;380.793;668.032;93.777;366.176;2564.599;145.619;0.734
"2022-10";0;848.471;12.286;110.258;629.408;38.6266673923305;"secret";372.123;100.759;"secret";663.333;69.721;374.953;667.369;77.778;370.932;2407.1;17.847;0.215
"2022-09";0;625.291;3.838;153.196;628.051;36.3920241259423;"secret";374.174;101.444;"secret";625.102;34.858;372.759;656.885;52.242;387.159;2296.842;0;1
"2022-08";0;772.379;1.476;63.544;711.449;39.4302573591879;"secret";453.195;100.715;"secret";693.09;23.194;451.072;697.84;53.64;425.376;2143.646;0;1
"2022-07";0;733.835;3.937;208.662;674.105;39.5236919715019;"secret";402.172;100.889;"secret";662.898;25.486;405.002;702.607;59.725;410.473;2080.102;0;1
"2022-06";0;840.103;1.505;73.949;709.529;43.71624;"secret";414.397;100.597;"secret";702.618;38.22;412.982;777.667;90.502;435.749;1871.44;0;1
"2022-05";0;670.055;3.617;-0.51;728.873;46.8110046637541;"secret";454.744;100.972;"secret";729.65;47.234;455.097;773.051;91.843;453.89;1797.491;20.589;0.414
"2022-04";0;899.397;1.102;258.827;650.828;62.717457;"secret";372.912;100.344;"secret";653.193;64.022;373.974;722.136;104.701;402.236;1798;122.562;0.996
"2022-03";0;1026.192;30.932;161.694;956.561;247.793554;"secret";442.68;136.695;"secret";1015.531;308.886;440.558;1034.536;334.4;434.048;1539.173;174.623;0.862
"2022-02";0;613.524;19.199;-320.202;943.262;257.215071553586;"secret";443.006;109.354;"secret";977.505;286.827;447.637;868.883;173.642;452.2;1377.48;209.554;0.787
"2022-01";0;1231.249;100.505;-75.68;1017.22;342.755431215443;"secret";440.798;108.635;"secret";999.388;322.093;443.628;812.279;158.443;420.169;1697.681;323.736;1.047
"2021-12";0;671.44;209.687;85.177;976.649;264.085663321231;"secret";466.698;124.542;"secret";987.244;276.802;464.575;864.282;160.292;458.124;1773.361;260.883;0.896
"2021-11";0;789.017;1.338;-109.015;986.326;264.882304090049;"secret";476.79;124.512;"secret";932.248;212.22;475.375;846.522;135.997;465.873;1688.185;236.128;1.19
"2021-10";0;878.04;21.294;-27.523;985.426;258.306361789692;"secret";463.315;124.007;"secret";987.848;257.899;466.145;1007.076;275.347;467.925;1797.2;82.836;1
"2021-09";0;796.547;60.014;-172.434;962.151;268.847966;"secret";451.967;123.497;"secret";962.328;270.44;450.552;1102.345;398.866;462.144;1824.723;0;1
"2021-08";0;876.265;0.881;-102.748;821.688;69.546621;"secret";508.946;123.086;"secret";832.185;79.689;509.3;905.121;170.312;491.613;1997.157;0;1
"2021-07";0;670.989;8.015;12.943;811.675;84.811018;"secret";477.749;123.554;"secret";797.805;70.587;478.103;878.269;144.472;484.682;2099.905;0;1
"2021-06";0;903.715;12.2;-18.615;825.774;82.72214;"secret";502.829;125.405;"secret";814.81;73.173;501.414;922.292;162.6;519.47;2086.962;0;1
"2021-05";0;633.104;5.875;-122.393;789.097;74.219580594598;"secret";475.659;125.968;"secret";794.916;77.209;478.489;852.318;137.64;475.459;2105.577;80.715;1.624
"2021-04";0;900.775;44.833;10.1;843.158;137.107283436849;"secret";468.609;123.858;"secret";818.148;113.513;467.194;895.63;173.275;484.914;2227.97;170.082;1.382
"2021-03";0;1034.175;109.248;240.103;949.032;152.546257070773;"secret";519.169;121.925;"secret";923.503;129.14;517.046;921.713;137.463;506.933;2217.87;211.414;1.043
"2021-02";0;596.074;40.7;-360.987;885.062;163.789619523578;"secret";461.053;120.09;"secret";907.303;181.399;465.684;846.529;115.289;471.02;1977.768;211.878;0.796
"2021-01";0;846.382;1.043;-256.916;1099.326;372.886485180881;"secret";485.058;122.275;"secret";1060.299;331.029;487.888;883.81;176.928;465.501;2338.755;331.887;1.073
"2020-12";0;817.135;86.749;-36.786;981.898;176.883419922151;"secret";491.866;189.272;"secret";986.429;183.537;489.743;909.891;110.917;485.826;2595.671;264.529;0.908
"2020-11";0;840.616;12.528;65.748;792.708;102.043655261151;"secret";451.831;135.617;"secret";820.162;128.437;452.892;771.552;82.619;450.1;2632.458;154.617;0.78
"2020-10";0;549.49;13.65;-13.842;728.166;83.7704995242968;"secret";412.157;134.554;"secret";721.518;76.768;412.51;727.945;75.643;420.064;2566.709;88.042;1.063
"2020-09";0;959.789;5.955;140.639;759.321;151.861173058565;"secret";395.281;126.238;"secret";755.002;148.957;393.866;823.117;208.729;402.208;2580.551;0;1
"2020-08";0;268.924;18.981;-26.781;629.681;75.7638099191204;"secret";331.972;127.07;"secret";624.768;68.02;334.802;685.066;138.245;324.877;2439.912;0;1
"2020-07";0;873.015;5.603;-144.397;650.733;114.942583468632;"secret";314.361;126.375;"secret";614.88;81.212;312.239;684.23;147.091;315.71;2466.694;0;1
"2020-06";0;452.388;17.648;-56.683;509.058;53.0931575102281;"secret";238.785;127.46;"secret";505.516;50.966;237.37;576.576;108.701;250.695;2611.09;0;1
"2020-05";0;596.759;0.399;45.801;611.833;86.7291974963491;"secret";289.447;127.86;"secret";618.668;90.734;292.277;675.716;153.231;286.828;2667.773;37.047;0.745
"2020-04";0;566.18;61.217;-108.085;578.551;73.29563092343;90.92;250.189;126.146;38;594.165;90.325;248.774;642.924;129.493;258.366;2621.971;59.643;0.485
"2020-03";0;616.089;0.737;145.487;752.547;87.48285;98.775;402.33;125.958;38;755.17;89.753;402.684;749.467;96.526;390.207;2730.057;196.78;0.971
"2020-02";0;807.71;7.945;4.227;851.891;110.712077;94.963;484.616;123.601;38;882.814;153.76;472.491;842.867;104.966;481.337;2584.57;181.916;0.683
"2020-01";0;550.165;6.666;-379.362;948.507;140.57094332;108.005;533.987;127.945;38;995.233;189.419;531.864;892.717;110.3;508.468;2580.343;261.123;0.844
"2019-12";0;854.614;1.71;-154.674;881.202;174.90483435;102.155;428.157;137.985;38;911.909;205.546;428.223;838.416;129.371;430.906;2959.705;237.212;0.815
"2019-11";0;858.867;1.524;-185.578;937.171;230.70700695;102.124;433.983;132.356;38;926.087;219.425;434.181;847.14;137.024;437.635;3114.379;208.024;1.049
"2019-10";0;1124.09;40.024;215.37;819.998;55.58369;122.614;471.295;132.506;38;831.392;67.374;470.898;844.643;61.725;489.798;3299.957;51.61;0.623
"2019-09";0;851.434;39.831;62.47;809.048;58.9881523;98.498;483.129;130.433;38;811.641;61.382;483.327;844.535;81.339;496.265;3084.587;0;1
"2019-08";0;970.508;61.996;-5.042;855.616;73.8583324999999;105.926;507.85;129.982;38;835.139;53.315;507.916;869.655;110.693;485.054;3022.117;0;1
"2019-07";0;1074.216;19.757;-16.58;882.007;93.197701;100.325;519.687;130.798;38;852.143;63.729;519.291;877.907;99.308;509.476;3027.159;0;1
"2019-06";0;709.371;1.785;-80.64;874.469;81.7733978;94.854;528.413;131.429;38;876.603;83.247;529.073;986.416;178.218;543.915;3043.739;0;1
"2019-05";0;867.425;2.685;92.405;858.132;74.865143;100.279;512.027;132.96;38;857.113;74.242;511.631;895.536;127.141;497.156;3124.379;71.886;1.447
"2019-04";0;977.597;1.066;70.555;850.341;69.237625;91.724;522.324;129.055;38;848.821;67.982;522.06;878.803;91.626;528.398;3031.975;125.96;1.024
"2019-03";0;1039.02;1.241;72.817;880.844;77.86975;106.076;530.528;128.371;38;910.137;106.634;531.056;916.706;117.64;526.619;2961.419;173.392;0.856
"2019-02";0;976.552;1.545;-0.561;912.502;155.038584;91.054;499.533;128.877;38;939.507;174.854;506.722;902.308;126.97;517.407;2888.602;211.38;0.794
"2019-01";0;850.214;0.784;-100.333;1047.501;246.54872025;101.437;532.683;128.832;38;996.3;195.744;532.287;897.854;122.484;507.101;2889.163;339.289;1.097
"2018-12";0;1192.849;0.448;162.569;1025.087;178.4276535;126.358;511.663;170.638;38;1073.713;226.525;512.192;998.512;142.321;521.194;2989.497;244.094;0.838
"2018-11";0;1232.6;24.496;38.181;1130.752;266.044828;102.962;556.167;167.578;38;1145.811;281.367;555.903;1040.682;169.897;562.244;2826.928;188.993;0.953
"2018-10";0;1348.506;20.574;66.024;1192.38;368.934791;108.467;505.841;171.137;38;1200.525;377.476;505.445;1142.448;300.405;524.439;2788.746;77.485;0.936
"2018-09";0;1050.533;4.95;103.191;1044.316;187.558154403606;102.242;553.255;163.261;38;1049.145;191.727;553.915;1114.775;247.361;563.911;2722.722;0;1
"2018-08";0;1346.198;1.947;-24.061;994.619;249.8133111;110.44;432.372;163.994;38;946.673;202.263;431.976;1223.684;495.888;415.363;2619.531;0;1
"2018-07";0;1117.219;1.729;-132.769;1189.676;310.3332;127.654;546.322;167.366;38;1151.178;271.769;546.388;1196.372;326.647;536.705;2643.592;0;1
"2018-06";0;1244.915;1.862;51.674;1043.341;182.602406;162.293;493.203;167.243;38;1018.984;158.048;493.401;1243.22;372.474;503.21;2776.361;0;1
"2018-05";0;1244.597;1.739;-77.506;1003.052;118.8765384;105.479;566.327;174.37;38;993.927;110.147;565.931;1068.346;203.069;547.429;2724.688;38.793;0.781
"2018-04";0;899.778;1.386;-109.176;1038.302;165.99314;96.533;573.959;163.817;38;1079.146;206.64;574.157;1160.946;279.733;582.863;2802.194;74.95;0.609
"2018-03";0;1030.146;2.248;157.607;1255.451;405.17899665;109.403;533.862;169.007;38;1161.339;311;533.928;1184.975;337.982;530.582;2911.37;235.908;1.164
"2018-02";0;1207.305;1.893;-275.55;1309.384;478.177787;97.038;527.976;168.193;38;1171.53;333.136;535.164;1112.811;262.504;547.076;2753.763;345.256;1.297
"2018-01";0;1251.038;2.691;-1052.878;1115.424;199.76423;115.745;589.133;172.782;38;1276.449;361.185;588.737;1131.382;247.561;557.295;3029.313;223.322;0.722
"2017-12";0;1118.859;1.967;-251.411;1145.007;329.964111111111;126.778;541.114;109.15;38;1154.034;338.463;541.642;1046.809;215.588;557.293;4082.191;298.662;1.026
"2017-11";0;1542.9;6.761;421.327;1282.388;562.336111111111;94.02;478.148;109.884;38;1211.514;491.726;477.884;1011.848;287.154;482.79;4333.602;220.409;1.111
"2017-10";0;1352.52;2.752;-48.349;1225.464;449.729111111111;102.541;524.558;110.636;38;1298.31;522.51;524.624;1171.793;378.148;542.468;3912.275;54.2;0.654
"2017-09";0;1325.318;1.566;-106.319;1241.663;215.803111111111;296.395;527.362;164.103;38;1252.213;226.155;527.56;1309.665;274.857;536.31;3960.624;0;1
"2017-08";0;1310.199;0.957;67.784;1005.052;77.2371111111111;174.084;552.469;163.262;38;1002.553;75.134;552.073;1113.869;199.31;539.213;4066.943;0;1
"2017-07";0;1191.66;8.208;-18.411;1287.71;339.689111111111;174.505;571.754;163.762;38;1268.642;320.092;572.282;1331.522;389.678;565.577;3999.159;0;1
"2017-06";0;686.541;6.974;-271.795;1022.081;136.845751111111;150.496;523.862;172.877;38;1000.298;115.327;523.598;1178.368;287.221;529.774;4017.57;0;1
"2017-05";0;1389.515;7.436;-257.47;1175.277;206.293111111111;178.901;577.518;174.565;38;1164.003;195.415;577.122;1351.268;404.379;555.423;4289.366;42.783;0.861
"2017-04";0;1414.663;19.662;40.203;1183.146;253.402;177.953;495.508;218.283;38;1185.357;254.953;496.168;1278.743;337.455;507.052;4546.836;137.31;1.116
"2017-03";0;1261.852;1.952;510.562;1078.346;148.951;175.384;517.88;198.131;38;1174.663;245.664;517.484;1179.38;253.855;514.01;4506.633;144.581;0.714
"2017-02";0;1499.893;39.905;406.265;1278.099;370.05;199.328;484.499;186.222;38;1333.707;418.469;491.687;1274.132;345.903;504.678;3996.071;208.722;0.784
"2017-01";0;1583.193;16.465;-207.557;1646.354;683.704671111111;185.456;555.722;183.471;38;1361.64;398.924;555.788;1201.898;276.197;518.774;3589.806;393.411;1.272
"2016-12";0;1504.694;25.293;-7.801;1353.028;519.051;109.734;502.937;183.306;38;1311;476.958;503.003;1164.433;310.327;523.066;3797.363;305.964;1.051
"2016-11";0;1198.731;10.63;-66.115;1363.747;476.231;165.567;513.788;170.161;38;1345.043;457.79;513.524;1158.684;266.798;518.157;3805.164;205.603;1.037
"2016-10";0;1116.308;28.946;-258.4;1308.148;387.173;187.995;515.573;179.407;38;1261.57;340.067;516.101;1166.908;229.479;532.027;3871.279;107.119;1.293
"2016-09";0;1243.666;22.149;-101.053;1222.185;321.867;165.246;504.709;192.363;38;1194.755;294.7;504.445;1240.575;329.518;515.447;4129.679;0;1
"2016-08";0;711.902;16.632;-71.122;960.228;62.2064371105583;188.613;497.828;173.58;38;946.883;49.258;497.432;1029.74;141.672;487.875;4230.733;0;1
"2016-07";0;1123.841;29.16;59.697;885.809;67.803;168.237;437.15;174.619;38;887.744;69.21;437.678;904.709;89.557;434.297;4301.855;0;1
"2016-06";0;952.02;50.558;-167.108;888.983;52.612;172.657;506.703;119.011;38;885.175;49.068;506.439;968.906;131.71;507.528;4242.158;0;1
"2016-05";0;996.966;38.667;86.068;918.045;54.083;210.885;450.29;164.787;38;918.921;54.893;450.356;961.684;122.87;425.142;4409.266;51.928;1.045
"2016-04";0;703.358;9.953;-300.366;925.722;174.321;206.721;316.615;187.065;41;915.264;163.665;316.813;973.933;208.015;331.132;4323.198;146.672;1.192
"2016-03";0;1397;14;-74.641;1163.635;298.902;193.203;467.462;163.068;41;1071.089;206.752;467.066;1058.254;203.169;457.814;4623.564;243.276;1.201
"2016-02";0;1482;110;188.863;1129.849;161.328;256.026;511.801;159.694;41;1156.61;209.786;490.105;1136.742;174.788;505.233;4698.205;244.255;0.917
"2016-01";0;1023;11;-218.693;1245.327;281.1;230.382;533.302;159.543;41;1356.305;391.55;533.83;1194.861;268.37;495.566;4509.342;269.724;0.872
"2015-12";0;1424;20.734;631.035;1170.126;311.067;189;427.391;205.668;37;1354.828;496.166;426.995;1210.178;328.052;450.459;4728.035;175.957;0.604
"2015-11";0;1361;9;-47;1179.11;303;198;456.507;184.603;37;1328.195;451.887;456.705;1154.799;273.791;461.405;4097;136.094;0.686
"2015-10";0;1255;28;-7;1250.838;410;187;427.798;189.04;37;1193.085;352.181;427.864;1085.036;230.538;441.458;4144;107.068;1.293
"2015-09";0;801;7;-5;1080.119;236;184;444.477;178.642;37;1086.403;242.547;444.213;1114.361;254.695;460.023;4151;0;1
"2015-08";0;1188;0;182;948.291;62;179;479.668;190.623;37;943.605;56.786;480.196;1045.315;165.458;473.234;4156;0;1
"2015-07";0;1085;60;-45;1038.877;96.148;234;474.328;197.401;37;1035.645;93.313;473.932;1070.517;131.217;470.899;3974;0;1
"2015-06";0;820;0;-219;905.15;22;151;527.137;168.013;37;903.024;20.138;526.873;937.703;55.11;526.581;4019;0;1
"2015-05";0;1398;21;209;968.46;12.35;151;562.64;205.47;37;969.406;12.767;563.168;958.642;30.03;535.142;4238;44.853;0.903
"2015-04";0;1333;0;185;1094.028;235;127;491.157;200.871;40;1111.788;253.024;490.893;1174.121;303.622;502.629;4029;100.711;0.818
"2015-03";0;977;12;-500;1360.009;444;107;560.414;208.595;40;1346.502;430.427;560.48;1296.055;396.563;543.896;3844;207.073;1.022
"2015-02";0;1266;6;-383;1499.989;675;97;508.843;179.146;40;1382.195;550.017;516.031;1307.962;458.194;533.621;4344;301.128;1.131
"2015-01";0;1373;0;-224;1508.762;636;109;527.059;196.703;40;1513.489;640.661;527.125;1272.583;436.951;489.929;4727;312.351;1.01
"2014-12";0;1045;64;-288;1315;496;109;505;165;40;1311.018;492.414;504.604;1179.588;333.545;532.043;4951;288.956;0.992
"2014-11";17;1387;9;8;1241;373;121;543;164;40;1432.085;563.424;543.66;1234.652;357.435;552.218;5239;138.033;0.696
"2014-10";33;1257;38;-471;1279;432;105;541;161;40;1375.074;528.471;540.604;1205.542;346.834;552.708;5231;38.706;0.467
"2014-09";26;1579;10;277;1112;276;111;516;169;40;1093.566;257.83;515.736;1117.856;262.988;534.868;5702;0;1
"2014-08";22;1076;6;195;904;36;108;548;172;40;967.312;98.784;548.528;1134.977;269.116;545.861;5425;0;1
"2014-07";22;1086;8;199;989;130;99;549;171;40;982.434;123.83;548.604;1038.833;186.164;542.668;5230;0;1
"2014-06";26;947;17;-208;957;147;92;527;151;40;947.848;137.65;527.198;1176.707;368.244;525.463;5031;0;1
"2014-05";22;777;10;4;977;146;102;527;162;40;981.121;150.055;527.066;1143.965;344.547;495.419;5239;51.962;1.046
"2014-04";29;1090;51;-117;1147;292;102;526;187;40;1186.526;331.791;525.736;1243.5;382.626;531.875;5235;86.286;0.701
"2014-03";37;1916;30;-209;1263;385;108;542;188;40;1376.129;497.601;542.528;1285.642;431.984;517.659;5352;178.834;0.883
"2014-02";37;1277;42;162;1063;276;98;463;186;40;1101.569;307.381;470.188;1060.63;246.252;490.377;5561;214.179;0.804
"2014-01";29;1713;15;521.48;1271;378;108;561;184;40;1480.335;587.731;560.604;1270.205;406.747;531.457;5399;245.512;0.794
"2013-12";17;1920;12;-45.48;1384.2;566.2;108;519;151;40;1410.163;592.097;519.066;1271.864;421.955;550.908;4877.52;279.611;0.96
"2013-11";26;1842;18;-79;1631;799;105;519;168;40;1525.578;693.38;519.198;1309.041;465.813;530.228;4923;230.23;1.161
"2013-10";30;1740;24;-24;1581;762;111;464;204;40;1695.939;877.335;463.604;1400.474;571.234;474.24;5002;53.626;0.647
"2013-09";34;1579;19;-227.85;1534;704;105;513;172;40;1535.019;704.821;513.198;1580.268;729.404;533.864;5026;0;1
"2013-08";2.1;1354;17;-313.65;1322.9;478.9;109;544;151;40;1233.404;389.338;544.066;1817.698;972.774;544.925;5253.85;0;1
"2013-07";21;1363;24;-48.5;1152.8;337.8;110;507;158;40;1110.338;295.734;506.604;1263.959;461.367;494.592;5567.5;0;1
"2013-06";32;1183;32;-14;948.5;155.5;107;496;150;40;976.498;182.837;496.66;1242.817;448.63;497.187;5616;0;1
"2013-05";30;1857;25;344;1064;230;110;537;147;40;1093.816;260.212;536.604;1385.594;584.952;503.643;5630;98.502;1.982
"2013-04";32;1719;11;75;1396;608;106;459;183;40;1335.14;547.404;458.736;1392.703;609.08;454.623;5286;152.677;1.241
"2013-03";33;1450;21;-343;1924;1098;110;516;160;40;1416.434;589.906;516.528;1276.175;479.715;486.46;5211;274.57;1.355
"2013-02";25;1711;3;-417;1806;1041;101;466;158;40;1530.828;758.64;473.188;1391.229;594.719;497.51;5554;333.288;1.252
"2013-01";31;1489;3;69;1828;1007;113;504;164;40;1613.102;792.498;503.604;1368.131;568.661;482.47;5971;341.791;1.105
"2012-12";23;1748;1;164;1395;684;110;398;163;40;1502.619;791.091;398.528;1345.538;600.726;431.811;5902;270.677;0.929
"2012-11";26;2055;3;82;1502;733;107;437;185;40;1491.515;722.779;436.736;1288.915;505.706;451.209;5738;199.959;1.008
"2012-10";21;1982;9;302;1591;813;112;445;181;40;1552.918;775.314;444.604;1286.474;498.746;454.728;5656;88.254;1.066
"2012-09";19;1666;11;2;1299;559;111;422;167;40;1340.854;600.194;422.66;1390.239;629.349;442.89;5354;0;1
"2012-08";34;1610;6;117;1229;474;102;455;158;40;1081.696;327.092;454.604;1519.826;761.371;458.455;5352;0;1
"2012-07";30;1263;46;-128;1335;453;122;506;215;39;1386.082;504.016;506.066;1655.137;791.261;487.875;5235;0;1
"2012-06";22;1120;17;-330;1180;402;95;471;173;39;1196.35;418.152;471.198;1751.665;969.837;474.827;5363;0;1
"2012-05";26;1282;35;-383;1212;345;105;539;184;39;1199.296;332.692;538.604;1549.278;717.916;503.363;5693;49;0.986
"2012-04";24;1608;31;-290;1531;646;136;507;203;39;1467.266;582.068;507.198;1504.583;630.363;496.221;6076;160.187;1.302
"2012-03";23;997;22;-240;1429;555;102;525;208;39;1703.197;829.131;525.066;1498.656;656.996;492.66;6366;158.951;0.784
"2012-02";24;1734;24;-805;1767;1016;91;457;164;39;1510.742;781.438;435.304;1352.283;596.683;461.6;6606;395.251;1.485
"2012-01";18;1479;46;872;1096;310;104;477;166;39;1171.015;384.949;477.066;1060.476;288.642;462.833;7411;282.461;0.913
"2011-12";25;1382;49;560;1168;423;102;442;167;34;1277.663;532.597;442.066;1197.273;418.836;475.438;6539;240.72;0.827
"2011-11";35;1534;15;-665;1593;814;92;460;190;37;1861.69;1082.954;459.736;1571.012;775.594;476.418;5979;146.62;0.739
"2011-10";21;1127;18;-322;1490;682;96;483;193;36;1553.616;745.088;483.528;1294.668;477.075;492.592;6644;72.612;0.877
"2011-09";4;1533;13;116;1130;323;95;490;186;36;1109.148;302.412;489.736;1143.812;317.467;509.345;6966;0;1
"2011-08";9;1378;24;366;967;147;93;470;221;36;1027.633;208.029;469.604;1290.852;466.364;474.488;6850;0;1
"2011-07";4;1519;18;421;947;88;104;534;185;36;969.469;109.941;534.528;1012.585;174.192;513.392;6484;0;1
"2011-06";5;1126;15;256;993;202;87;491;177;36;997.563;206.828;490.736;1262.014;465.353;496.66;6063;0;1
"2011-05";6;1676;8;254;1305;471;88;524;186;36;1273.447;439.381;524.066;1729.664;931.407;488.257;5807;25.32;0.51
"2011-04";8;1304;20;-30;1171;325;97;525;188;36;1288.372;442.174;525.198;1301.57;469.494;511.076;5553;54.293;0.441
"2011-03";17;1186;7;-407;1399;578;92;516;177;36;1446.479;625.875;515.604;1282.343;494.232;483.111;5583;191.581;0.946
"2011-02";11;1437;13;-268;1363;597;84;457;189;36;1371.764;598.576;464.188;1255.934;456.332;490.603;5990;238.269;0.895
"2011-01";4;1276;19;-306;1265;496;115;468;150;36;1251.336;481.807;468.528;1127.915;370.418;456.497;6258;322.921;1.044
"2010-12";25;1694;53;-451;1855;1067;99;467;176;46;;;;1397.45;576.97;499.481;6564;410.78;1.411
"2010-11";22;1836;53;-274;1582;762;92;478;204;46;;;;1401.335;565.774;493.562;7015;226.313;1.141
"2010-10";34;1255;4;-69;1591;751;98;498;198;46;;;;1336.827;499.349;495.478;7289;116.485;1.406
"2010-09";23;1574;4;220;1240;479;105;423;187;46;;;;1244.841;466.091;440.75;7358;0;1
"2010-08";22;1367;9;400;827;99;92;418;172;46;;;;1135.713;392.577;433.135;7138;0;1
"2010-07";16;1847;8;285;1277;411;99;543;177;47;;;;1508.369;657.939;527.43;6738;0;1
"2010-06";20;1445;26;302.6;1161;266;98;574;176;47;;;;1346.148;462.999;562.149;6453;0;1
"2010-05";15.2;1674;9;-12.6;1344.9;415.3;100.6;605;177;47;;;;1573.625;686.562;562.463;6150.4;91.343;1.838
"2010-04";18;1715;6;245.2;1507.4;568.8;100.6;604;187;47;;;;1492.845;583.361;574.884;6163;118.559;0.963
"2010-03";20.05;1884;16;51.8;1746.89;785.49;111.7;600.7;202;47;;;;1480.472;559.85;559.922;5917.8;237.31;1.171
"2010-02";21;1883;45;5.2;1536.4;725;92.3;440.2;231.9;47;;;;1342.463;501.227;470.037;5866;301.952;1.134
"2010-01";25;1667;26;-262.2;1973.38;1126;100;498.9;201.48;47;;;;1466.737;597.84;520.417;5860.8;416.424;1.347
"2009-12";45;1904;45;297;1748.76;894;121.96;502.8;191;39;;;;1539.089;647.549;539.58;6123;324.372;1.114
"2009-11";21;1649;48;-254;1619.65;747;91.4;532.25;210;39;;;;1562.851;672.856;549.595;5826;142.795;0.72
"2009-10";7;1517;44;-733;1782.3;930;83.3;519;210;40;;;;1551.845;704.378;514.166;6080;93.348;1.127
"2009-09";3;1421;69;-448;1595.4;776;87.2;470.2;222;40;;;;1596.125;757.235;489.69;6813;0;1
"2009-08";3;1026;103;78;1118.72;348;87.52;412.2;231;40;;;;1487.757;701.261;427.976;7261;0;1
"2009-07";2;1170;90;-68;1147.7;380;94.8;408.9;224;40;;;;1340.813;583.927;398.086;7183;0;1
"2009-06";0;1150;83;-10;1049.4;390;91.4;374;153;41;;;;1244.127;596.814;361.914;7251;0;1
"2009-05";2;885;44;-48;861.9;253;90.6;341.3;135;42;;;;1152.048;565.02;319.428;7261;33.266;0.669
"2009-04";2;1446;25;524;976.75;439;98.3;268.45;130;41;;;;953.978;428.85;255.828;7309;95.995;0.78
"2009-03";14;1680;27;308;1428.9;673;108.5;436.4;170;41;;;;1271.879;537.305;415.075;6785;226.421;1.117
"2009-02";24;1538;61;-748;1689.7;1021;98;369.7;160;41;;;;1498.2;812.811;386.389;6477;292.996;1.101
"2009-01";24;1275;78;-210;1707.3;1103;107.5;310.8;146;40;;;;1207.576;598.169;315.908;7225;392.715;1.27
"2008-12";16;1878;62;-362;1433;800;112;253;223;45;;;;1119.13;474.583;264.546;7435;347.422;1.193
"2008-11";28;2153;124;493;1384;661;117;383;177;46;;;;1241.117;499.728;401.389;7797;213.163;1.075
"2008-10";38;2071;84;413;1995;963;132;632;221;47;;;;1749.367;705.648;643.719;7304;111.276;1.344
"2008-09";30;2152;102;18;1679;704;126;615;187;47;;;;1691.69;680.922;650.768;6891;0;1
"2008-08";8;1530;84;478;1291;229;132;666;220;44;;;;1704.442;621.767;686.675;6873;0;1
"2008-07";19;2327;125;349;1569;479;128;666;251;45;;;;1734.025;671.704;638.321;6395;0;1
"2008-06";24;1429;122;-459;1649;624;126;676;178;45;;;;1829.006;825.469;654.537;6046;0;1
"2008-05";1;1906;83;728;1374;341;133;626;229;45;;;;1643.813;647.826;588.987;6505;19.206;0.386
"2008-04";16;2193;135;466;1969;899;125;603;297;45;;;;1885.183;838.973;579.21;5777;149.366;1.214
"2008-03";22;1474;91;111;1812;789;132;582;263;46;;;;1681.72;685.978;554.742;5311;232.196;1.146
"2008-02";25;1743;81;-7;1771;752;125;611;238;45;;;;1699.989;672.13;619.86;5200;231.112;0.868
"2008-01";50;1968;86;93;2018;949;137;626;259;47;;;;1885.333;819.173;623.16;5207;257.251;0.832
"2007-12";77;2060;51;157;2131;1158;122;526;279;46;;;;1909.579;919.608;542.971;5114;323.784;1.112
"2007-11";30;1505;78;-945;1999;1058;128;517;250;46;;;;1781.068;809.754;547.314;4957;242.114;1.221
"2007-10";22;1764;76;-153;1810;861;128;498;277;46;;;;1598.32;634.222;513.098;5902;114.239;1.379
"2007-09";24;1465;96;-14;1741;737;128;575;255;46;;;;1805.695;771.057;605.638;6055;0;1
"2007-08";44;1805;87;251;1447;411;125;604;263;44;;;;1800.48;750.181;618.299;6069;0;1
"2007-07";39;1509;90;120;1655;515;128;695;271;46;;;;1801.342;689.898;666.443;5818;0;1
"2007-06";45;1777;116;220;1502;503;123;606;224;46;;;;1688.41;704.079;591.331;5698;0;1
"2007-05";33;1395;73;16;1783;676;130;696;237;44;;;;2069.1;997.337;660.762;5478;34.453;0.693
"2007-04";1;1804;94;-315;1926;851;131;666;234;44;;;;1871.185;817.674;644.511;5462;56.341;0.458
"2007-03";34;1762;100;-6;1899;749;140;702;263;45;;;;1771.218;652.404;670.815;5777;213.554;1.054
"2007-02";37;1799;73;-182;1720;714;121;606;234;45;;;;1763.895;734.791;629.104;5783;195.787;0.735
"2007-01";36;1608;76;-423;1861;760;135;687;233;46;;;;1785.177;703.217;667.959;5965;245.158;0.793
"2006-12";24;1876;80;-236;1821;802;107;633;232;47;;;;1681.412;651.087;644.325;6388;289.926;0.996
"2006-11";30;1737;122;16;1751;834;108;582;181;46;;;;1684.645;727.367;622.277;6624;153.34;0.773
"2006-10";32;1785;81;247;1622;671;104;581;217;49;;;;1636.663;661.028;605.636;6608;24.069;0.291
"2006-09";30;1711;57;40;1599;611;96;592;255;45;;;;1648.849;630.379;622.47;6361;0;1
"2006-08";18;1579;75;281;1354;348;89;626;247;44;;;;1697.963;674.908;643.055;6321;0;1
"2006-07";17;1533;61;-164;1580;579;88;657;209;47;;;;1770.529;796.336;630.193;6040;0;1
"2006-06";31;1398;65;203;1529;502;98;639;244;46;;;;1730.257;712.817;629.44;6204;0;1
"2006-05";28;2094;66;420;1251;217;126;658;205;45;;;;1505.478;505.642;623.835;6001;43.723;0.88
"2006-04";37;1814;61;835;1409;319;117;681;247;45;;;;1370.891;297.55;664.341;5581;129.748;1.054
"2006-03";73;1825;76;-77;2141;1062;99;688;244;48;;;;1833.131;785.283;656.848;4746;247.661;1.222
"2006-02";68;2015;54;196;2128;1148;93;621;220;46;;;;1807.063;806.403;641.66;4823;319.219;1.199
"2006-01";64;2079;44;-274;2238;1173;127;674;215;49;;;;1808.9;778.035;639.865;4627;365.449;1.182
"2005-12";61;1402;63;-917;2321;1274;117;659;220;51;;;;1947.572;893.423;666.149;4901;364.365;1.251
"2005-11";48;1768;50;-828;2087;1052;115;654;217;49;;;;1932.139;848.794;702.345;5818;241.973;1.22
"2005-10";46;1673;53;162;1814;838;112;597;219;48;;;;1887.264;878.936;629.328;6646;28.128;0.34
"2005-09";49;1723;56;20;1754;765;121;549;270;49;;;;1789.289;770.527;578.762;6484;0;1
"2005-08";28;1780;52;464;1217;250;161;491;270;45;;;;1551.096;566.105;508.992;6464;0;1
"2005-07";36;1696;116;-140;1623;654;117;586;219;47;;;;1804.179;856.278;564.9;6000;0;1
"2005-06";48;1514;114;286;1541;605;109;580;200;47;;;;1732.168;801.583;574.585;6140;0;1
"2005-05";58;1743;91;741;1680;570;115;681;268;46;;;;1915.491;843.754;642.737;5854;53.344;1.073
"2005-04";55;1962;149;92;1939;926;136;546;286;45;;;;1849.162;849.825;532.336;5113;125.395;1.019
"2005-03";74;1999;63;-62;2019;1030;117;610;214;48;;;;1801.255;843.446;578.809;5021;225.216;1.112
"2005-02";61;1943;67;-414;2065;1145;104;587;181;48;;;;1701.364;766.844;601.519;5083;333.099;1.251
"2005-01";53;2023;64;-90;1941;842;113;666;272;48;;;;1719.465;661.202;625.263;5497;307.557;0.994
"2004-12";66;1933;68;12;1819;763;108;669;229;50;;;;1616.651;551.544;678.107;5587;327.906;1.126
"2004-11";58;1942;77;-242;1723;747;106;591;230;49;;;;1599.211;580.952;633.259;5575;221.678;1.118
"2004-10";46;2856;81;1105;1705;682;103;595;271;54;;;;1725.307;665.044;632.263;5817;66.913;0.808
"2004-09";65;1958;71;-331;1784;762;104;626;240;52;;;;1817.979;756.382;665.597;4712;0;1
"2004-08";66;1404;72;44;1546;604;118;583;190;51;;;;1849.483;877.189;613.293;5043;0;1
"2004-07";59;1454;75;139;1600;591;114;648;199;48;;;;1747.072;759.723;626.349;4999;0;1
"2004-06";67;1434;75;-118;1553;562;111;630;202;48;;;;1777.507;793.583;622.924;4860;0;1
"2004-05";60;1848;71;242;1663;627;117;662;205;52;;;;1862.953;871.213;617.74;4978;68.45;1.377
"2004-04";79;1594;115;-191;1772;781;119;635;187;50;;;;1698.665;726.146;616.52;4736;131.31;1.067
"2004-03";128;1705;91;-592;2041;981;131;646;219;64;;;;1647.478;622.02;611.457;4927;242.378;1.196
"2004-02";84;1577;73;-248;1843;824;139;618;201;61;;;;1606.586;593.471;612.115;5519;273.298;1.027
"2004-01";94;2121;92;-174;1828;752;139;656;218;63;;;;1604.773;569.978;614.795;5767;303.448;0.981
"2003-12";117;1662;37;93;1846;792;164;608;225;57;;;;1691.752;623.089;622.663;5941;290.672;0.998
"2003-11";130;1383;69;-242;1881;887;163;558;215;58;;;;1738.086;708.918;593.168;5848;171.441;0.864
"2003-10";266;1611;60;120;1953;901;117;638;234;63;;;;1952.533;857.216;681.317;6090;147.811;1.785
"2003-09";211;1697;30;-401;1839;922;120;524;220;53;;;;1871.061;915.487;562.574;5970;0;1
"2003-08";147;1506;32;106;1688;681;140;600;218;49;;;;2014.855;971.614;636.241;6371;0;1
"2003-07";137;1238;39;-346;1540;666;124;509;191;50;;;;1708.265;851.126;492.139;6265;0;1
"2003-06";194;1193;59;37;1555;485;128;655;238;49;;;;1803.559;745.963;642.596;6611;0;1
"2003-05";182;1790;45;40;1536;461;121;723;182;49;;;;1751.788;728.721;671.067;6574;42.981;0.865
"2003-04";196;1564;18;-448;1843;828;125;652;187;51;;;;1827.817;835.29;629.527;6534;114.354;0.929
"2003-03";205;1222;40;-163;1752;631;133;682;253;53;;;;1928.883;845.447;644.436;6982;155.032;0.765
"2003-02";239;1892;39;-607;2013;980;137;650;187;59;;;;1645.145;599.601;662.545;7145;304.022;1.142
"2003-01";219;1821;33;-131;2118;1017;139;696;200;66;;;;1614.808;556.83;652.977;7752;353.987;1.145
"2002-12";141;1546;45;-5;1709;662;176;614;203;54;;;;1576.488;506.84;636.648;7883;236.373;0.812
"2002-11";145;1771;81;469;1517;466;165;634;196;56;;;;1341.521;254.602;669.919;7888;155.01;0.781
"2002-10";203;1776;49;-249;2032;907;166;613;288;58;;;;2026.283;860.817;653.466;7419;75.683;0.914
"2002-09";253;1381;30;370;1792;765;150;615;203;59;;;;1871.71;791.183;668.527;7668;0;1
"2002-08";114;1437;17;119;1263;270;170;599;176;48;;;;1614.55;584.879;635.672;7298;0;1
"2002-07";196;1152;26;-184;1567;488;176;624;230;49;;;;1751.32;696.096;600.224;7179;0;1
"2002-06";122;1540;45;-52;1450;434;171;606;191;48;;;;1720.386;720.878;589.508;7363;0;1
"2002-05";247;1906;33;790;1561;516;166;643;187;49;;;;1821.99;826.574;593.416;7415;58.069;1.169
"2002-04";99;1862;24;-78;1793;725;167;634;218;49;;;;1800.108;754.577;611.531;6625;119.538;0.971
"2002-03";88;1744.467;32;-171;1793.467;711;172;650;205.467;55;;;;1839.294;790.991;615.836;6703;172.804;0.853
"2002-02";204;1396;65;169;2072;1072;150;592;203;55;;;;2135.501;1116.148;611.354;6874;189.546;0.712
"2002-01";256;1222;39;-703;2344;1321;160;584;206;73;;;;2066.436;1079.213;548.223;6705;285.388;0.923
"2001-12";150;1593;63;-579;2295;1350;158;495;202;90;;;;1891;922.921;518.08;7408;361.589;1.242
"2001-11";216;1300;69;-640;2139;1169;154;502;227;87;;;;1905.848;912.486;525.363;7987;244.228;1.231
"2001-10";247;1444;82;620;1598;589;162;471;292;84;;;;1581.688;547.453;496.235;8627;18.606;0.225
"2001-09";102;1257;50;-286.363;1297;373;160;466;220;78;;;;1418.087;449.763;510.324;8007;0;1
"2001-08";59.5;1320;38;16.363;1115.578;221.067;139.749;481;208.874;64.888;;;;1493.581;571.198;508.872;8293.363;0;1
"2001-07";107;1268;41;-9;1558;337;271;632;253;65;;;;1759.205;563.792;606.413;8277;0;1
"2001-06";236;1584;43;-122;1578;474;165;654;213;72;;;;1878.705;795.239;633.466;8286;0;1
"2001-05";275;1644;59;249;1613;459;194;678;212;70;;;;1931.746;827.44;628.307;8408;41.836;0.842
"2001-04";302;1863;64;45;1724;541;178;669;261;75;;;;1706.652;547.541;645.111;8159;155.28;1.262
"2001-03";352;1492;65;306;1677;453;192;635;311;86;;;;1782.498;591.881;601.617;8114;160.139;0.79
"2001-02";294;1529;57;242.252;1647;589;169;538;258;93;;;;1462.511;377.151;565.36;7808;242.618;0.911
"2001-01";330.88;2086;68;327.891;1933.839;680.572;190.684;661;294.24;107.343;;;;1647.796;433.194;622.334;7565.748;281.937;0.912
"2000-12";251.055;1619;64;-423.586;2098.498;904.102;185.28;653;272.43;83.686;;;;1841.698;618.071;682.232;7237.857;217.49;0.747
"2000-11";399.751;1840;70;229.918;2110.809;886.432;194.573;630;306.136;93.668;;;;1845.265;596.919;653.969;7661.443;181.371;0.914
"2000-10";415.091;1524;71;-12.9;2160.274;957.976;189.95;626;296.42;89.928;;;;2160.047;936.158;647.591;7431.526;77.838;0.94
"2000-09";340.724;1567;64;-95.636;1777.334;691.936;172.419;568;269.177;75.801;;;;1961.685;817.322;626.965;7444.426;0;1
"2000-08";172.563;1478;63;65.062;1608.521;467.127;185.879;637;261.209;57.305;;;;2033.635;856.587;672.654;7540.062;0;1
"2000-07";160;1275;53;55;1759;586;197;669;249;58;;;;1986.302;841.438;640.864;7475;0;1
"2000-06";278;1024;72;-25;1569;432;150;659;263;65;;;;1878.57;764.357;636.213;7420;0;1
"2000-05";318;1859;92;1143;1364;187;150;669;297;61;;;;1724.764;593.472;623.292;7445;29.073;0.585
"2000-04";340;1386;63;-51;2140;997;173;650;244;76;;;;2183.882;1062.441;628.44;6302;128.983;1.048
"2000-03";475;1794;75;729;2015;788;189;693;257;88;;;;1827.129;632.769;660.36;6353;204.487;1.009
"2000-02";481;2030;67;-348;2465;1317;177;607;251;113;;;;2324.254;1153.067;630.187;5624;216.351;0.813
"2000-01";469;1450;68;-545;2949;1655;187;728;259;120;;;;2412.352;1157.688;688.665;5972;325.786;1.053
"1999-12";470;1320;59;-602;2861;1678;177;641;234;131;;;;2443.438;1239.016;662.421;6517;278.677;0.957
"1999-11";496;1542;74;-169;2522;1318;176;641;263;124;;;;2253.737;1031.379;659.358;7119;248.609;1.253
"1999-10";580;1187;69;-262;2146;844;190;667;349;96;;;;2130.305;817.627;677.677;7288;78.377;0.946
"1999-09";621;1294;73;-187;1875;755;177;610;248;85;;;;2089.485;906.727;672.758;7550;0;1
"1999-08";293;1482;31;55;1434;325;190;637;219;63;;;;1888.261;740.609;675.652;7737;0;1
"1999-07";183;1223;35;-130;1676;549;189;646;225;67;;;;1897.989;798.554;618.435;7682;0;1
"1999-06";496;1506;45;231;1606;460;191;639;244;72;;;;1906.632;780.918;618.714;7812;0;1
"1999-05";442;1441;30;823;1435;241;197;672;257;68;;;;1831.742;679.521;630.22;7581;19.492;0.392
"1999-04";548;1605;36;475;1649;506;171;628;260;84;;;;1690.187;565.315;609.872;6758;117.92;0.958
"1999-03";513;1732;37;688;2272;1059;174;637;295;107;;;;2200.094;1018.295;605.8;6283;189.159;0.934
"1999-02";497;1453;38;-362;2496;1415;128;558;260;135;;;;2113.802;988;602.802;5595;279.802;1.051
"1999-01";551;1377;26;-235;2534;1368;96;675;253;142;;;;2246.3;1112.937;642.364;5957;267.97;0.866
"1998-12";437;1502;49;-275;2718;1633;66;617;245;157;;;;2314.859;1217.017;629.842;6192;296.412;1.018
"1998-11";512;1525;45;-610;2558;1407;87;638;280;146;;;;2292.244;1123.34;655.903;6467;279.734;1.41
"1998-10";560;1277;51;936;2113;944;113;679;257;120;;;;2074.093;904.055;680.038;7077;89.689;1.083
"1998-09";537;1320;56;333;1824;680;173;604;268;99;;;;2035.683;834.72;660.963;6141;0;1
"1998-08";473;1520;36;727;1773;713;165;605;227;63;;;;2242.855;1141.378;646.477;5808;0;1
"1998-07";265;1244;44;-396;2236;999;180;701;290;66;;;;2440.035;1231.985;672.05;5081;0;1
"1998-06";645;1411;40;412;1938;701;172;696;299;70;;;;2213.632;996.578;676.054;5477;0;1
"1998-05";451;1240;41;-67;1919;673;176;698;301;71;;;;2309.781;1105.919;655.862;5065;36.071;0.726
"1998-04";532;1360;50;-624;2631;1338;180;683;341;89;;;;2644.567;1367.711;666.856;5132;151.797;1.233
"1998-03";642;1340;49;-880;2698;1331;192;702;360;113;;;;2620.556;1288.455;667.101;5756;191.194;0.944
"1998-02";579;1266;48;8;2286;1093;166;615;284;128;;;;2069.463;826.372;665.091;6636;231.172;0.868
"1998-01";479;1167;34;-748;2451;1097;173;677;361;143;;;;2074.243;748.549;648.694;6628;288.803;0.934
"1997-12";373;1270;49;-1002;2596;1048;165;677;356;172;;;;2130.685;753.05;684.634;7376;268.947;0.924
"1997-11";640;1499;52;-275;2362;1004;170;644;338;145;;;;2049.697;735.174;661.523;8378;174.793;0.881
"1997-10";821;1078;71;-317;2145;1041;169;668;297;132;;;;2249.774;987.233;664.541;8653;102.423;1.237
"1997-09";779;1380;63;-89;2185;644;179;583;274;93;;;;1973.976;797.208;630.768;8970;0;1
"1997-08";417;1186;37;377;1189;247;176;601;272;58;;;;1839.745;681.702;652.044;9059;0;1
"1997-07";435;1103;44;208;1286;166;178;653;321;72;;;;1565.857;366.936;627.921;8682;0;1
"1997-06";722;991;48;316;1349;347;168;638;351;74;;;;1828.333;613.858;621.475;8474;0;1
"1997-05";593;1006;48;85;1466;169;168;664;305;75;;;;1728.748;553.944;626.803;8158;45.701;0.92
"1997-04";683;1407;46;869;1175;405;169;656;292;93;;;;1618.567;423.893;640.675;8073;137.697;1.119
"1997-03";574;1834;41;969;1398;285;180;674;319;110;;;;1778.673;534.039;635.634;7204;151.979;0.75
"1997-02";644;1105;55;-494;2188;1073;184;619;314;150;;;;2249.125;940.138;660.986;6235;201.479;0.757
"1997-01";635;1238;55;-1312;3130;1784;173;658;328;218;;;;2356.656;1005.067;632.589;6729;388.973;1.258
"1996-12";529;1437;61;-854;2759;1133;177;642;352;223;;;;2219.49;820.222;647.268;8041;350.415;1.203
"1996-11";730;1304;67;-511;2478;1090;171;612;310;180;;;;2099.367;806.214;632.153;8895;225.273;1.136
"1996-10";885;1920;70;208;2527;1112;183;586;287;157;;;;2278.09;1066.899;584.191;9406;83.606;1.009
"1996-09";765;901;56;-307;1917;841;166;563;272;127;;;;2173.907;1003.049;605.859;9198;0;1
"1996-08";400;1282;49;616;1017;143;175;531;331;77;;;;1719.14;548.548;587.592;9505;0;1
"1996-07";528;1509;43;-18;2012;744;183;652;309;88;;;;2135.947;927.788;628.159;8889;0;1
"1996-06";720;1438;46;-113;2225;679;183;604;386;98;;;;2175.383;921.482;586.901;8907;0;1
"1996-05";740;2798;50;208;3280;546;191;658;344;102;;;;2133.349;872.474;623.875;9020;87.782;1.766
"1996-04";751;1302;52;230;1771;711;182;600;312;127;;;;1949.192;745.982;582.21;8812;132.471;1.076
"1996-03";718;906;54;-403;1973;1057;199;631;309;193;;;;1953.232;660.634;591.599;8582;253.052;1.249
"1996-02";820;734;65;-649;2138;1396;189;528;324;218;;;;2023.436;754.762;537.674;8985;331.429;1.245
"1996-01";967;1205;64;332;1776;964;195;534;310;231;;;;1874.446;625.322;513.124;9634;286.816;0.927
"1995-12";604;1173;46;-161;1892;840;171;519;286;233;;;;1865.827;652.684;523.143;9302;324.97;1.116
"1995-11";769;1406;64;-560;2671;1216;176;541;296;190;;;;2129.822;905.741;562.081;9463;206.869;1.043
"1995-10";777;1329;71;-275;2310;873;169;619;261;151;;;;2034.939;831.964;621.976;10023;29.829;0.36
"1995-09";916;1139;60;-340;2335;1202;167;636;270;154;;;;2644.45;1370.721;682.729;10298;0;1
"1995-08";534;1421;47;130;1778;652;170;620;250;93;;;;2249.963;1034.259;702.703;10638;0;1
"1995-07";549;1014;50;-314;1827;840;164;668;285;94;;;;2234.311;1045.266;646.045;10508;0;1
"1995-06";801;1513;77;-9;2246;777;162;687;273;119;;;;2248.559;1029.628;664.93;10822;0;1
"1995-05";731;1169;69;165;1666;511;167;679;280;114;;;;2004.253;796.357;646.897;10831;56.858;1.144
"1995-04";681;1040;82;-316;1955;672;164;654;319;125;;;;1934.757;696.77;629.987;10666;137.537;1.118
"1995-03";1013;1171;100;-50;2134;829;170;678;280;169;;;;1735.043;487.262;628.78;10982;239.506;1.182
"1995-02";671;1379;73;88;1889;340;160;634;288;185;;;;1553.856;267.888;652.968;11032;185.438;0.697
"1995-01";872;892;64;-200;1900;929;179;694;330;233;;;;1940.635;536.973;661.662;10944;300.46;0.972
"1994-12";785;1188;85;-11;1899;757;;688;210;195;;;;;736.499;695.205;11144;241.59;0.83
"1994-11";820;1375;90;251;1854;344;;675;419;138;;;;;13.763;706.322;11155;115.72;0.583
"1994-10";877;1040;80;-72;1909;607;;675;324;162;;;;;595.202;682.757;10904;86.261;1.042
"1994-09";877;1166;84;276;1683;406;;640;415;126;;;;;576.555;685.716;10976;0;1
"1994-08";534;888;66;-61;1417;320;;634;386;76;;;;;694.998;736.977;10700;0;1
"1994-07";595;1254;66;-271;2054;708;;686;326;39;;;;;936.39;670.956;10761;0;1
"1994-06";951;1149;76;-161;2185;621;;700;236;77;;;;;921.647;673.069;11032;0;1
"1994-05";726;770;86;-356;1766;743;;686;407;83;;;;;1013.723;654.082;11193;39.781;0.8
"1994-04";676;1298;86;-478;2366;1077;;717;188;142;;;;;1065.65;687.563;11549;170.279;1.384
"1994-03";917;893;105;-177;1882;688;;732;385;134;;;;;874.936;674.779;12027;152.398;0.752
"1994-02";795;1104;75;-478;2302;998;;693;368;190;;;;;622.568;704.689;12204;255.965;0.961
"1994-01";875;1145;92;-395;2323;840;;730;267;242;;;;;472.938;687.882;12682;275.102;0.89
"1993-12";862;1062;121;-126;1929;562;;622;306;307;;;;;526.953;627.748;13077;247.188;0.849
"1993-11";827;893;120;-1128;2728;1075;;575;315;275;;;;;717.675;600.771;13203;297.554;1.5
"1993-10";870;844;122;-172;1764;472;;584;398;234;;;;;470.979;594.472;14331;134.472;1.624
"1993-09";867;1151;108;86;1824;305;;532;375;150;;;;;505.603;568.934;14503;0;1
"1993-08";537;830;85;-22;1304;410;;448;283;95;;;;;808.144;536.819;14417;0;1
"1993-07";733;1273;69;461;1476;334;;620;273;44;;;;;598.842;613.853;14439;0;1
"1993-06";1103;1106;108;621;1480;282;;624;272;82;;;;;677.877;597.737;13978;0;1
"1993-05";893;1549;84;406;1952;425;;628;327;117;;;;;712.76;598.781;13357;39.047;0.786
"1993-04";936;1032;85;81;1802;613;;666;288;122;;;;;633.285;637.545;12951;111.516;0.906
"1993-03";1107;1799;82;53;2771;1208;;662;294;162;;;;;897.042;606.286;12870;224.946;1.11
"1993-02";977;2221;77;239;2882;1500;;580;420;201;;;;;855.804;583.721;12817;308.091;1.157
"1993-01";957;1267;76;-136;2284;1048;;606;229;233;;;;;682.354;564.244;12578;259.38;0.839
"1992-12";1038;1616;66;370;2218;600;;560;410;252;;;;;489.796;563.103;12714;290.434;0.997
"1992-11";1098;1743;69;688;2084;509;;545;479;266;;;;;124.174;567.479;12344;154.481;0.779
"1992-10";1146;1754;104;12;2784;1212;;596;443;213;;;;;1210.92;609.739;11656;150.016;1.811
"1992-09";1035;1827;88;467;2307;989;;583;453;184;;;;;1216.226;624.466;11644;0;1
"1992-08";635;1797;77;511;1844;663;;511;409;74;;;;;1092.744;629.149;11177;0;1
"1992-07";616;2229;59;1159;1627;634;;623;385;85;;;;;954.181;623.017;10666;0;1
"1992-06";960;2052;78;1178;1756;484;;679;356;127;;;;;977.049;649.334;9507;0;1
"1992-05";855;1643;73;424;2001;660;;679;272;135;;;;;972.318;644.987;8329;37.851;0.762
"1992-04";1024;1927;81;529;2341;1086;;692;353;143;;;;;1042.091;662.089;7905;146.662;1.192
"1992-03";1021;2448;76;217;3176;1462;;750;540;153;;;;;1286.08;683.578;7376;200.493;0.99
"1992-02";1088;1874;84;-369;3247;1881;;707;474;219;;;;;1345.745;687.874;7159;271.039;1.018
"1992-01";1311;1822;83;-1111;4161;2416;;752;377;351;;;;;1474.854;695.481;7528;362.239;1.171
"1991-12";948;2089;81;-770;3726;1700;;715;583;511;;;;;1497.42;715.749;8639;336.935;1.157
"1991-11";970;2204;99;-123;3198;1594;;716;483;277;;;;;1204.557;741.679;9409;225.44;1.137
"1991-10";1148;2853;121;1078;2802;995;;661;544;224;;;;;969.942;679.61;9532;116.895;1.411
"1991-09";1194;2231;100;867;2458;1046;;634;400;220;;;;;1295.203;678.466;8454;0;1
"1991-08";671;2426;70;1103;1924;708;;516;485;80;;;;;1176.645;648.4;7587;0;1
"1991-07";852;1351;87;-319;2435;1062;;640;369;120;;;;;1432.011;643.458;6484;0;1
"1991-06";1017;1627;85;536;2023;720;;722;264;156;;;;;1285.987;691.632;6803;0;1
"1991-05";1038;1649;101;277;2309;1192;;747;351;149;;;;;1522.552;705.767;6267;100.456;2.021
"1991-04";1291;1706;87;-244;3154;1409;;705;288;140;;;;;1320.609;675.428;5990;162.579;1.321
"1991-03";1214;1551;101;119;2545;1139;;744;354;190;;;;;1266.985;674.029;6234;153.714;0.759
"1991-02";1219;1310;76;-1162;3615;2096;;690;259;328;;;;;1222.205;689.958;6115;348.733;1.31
"1991-01";1314;1686;62;-454;3392;1683;;778;429;348;;;;;840.284;717.599;7277;321.069;1.038
"1990-12";910;1843;74;-1566;4245;2238;;720;337;410;;;;;2025.263;720.234;7731;350.673;1.204
"1990-11";1197;1346;99;-1266;3710;1962;;710;388;387;;;;;1559.42;734.804;9297;208.926;1.053
"1990-10";1255;1552;94;-275;2988;1269;;689;606;308;;;;;1240.401;708.754;10563;54.57;0.659
"1990-09";1129;1326;95;210;2150;653;;680;504;208;;;;;909.146;726.025;10838;0;1
"1990-08";813;1476;89;522;1678;342;;549;336;76;;;;;826.648;696.016;10628;0;1
"1990-07";776;1559;62;835;1438;323;;720;292;100;;;;;725.946;726.86;10106;0;1
"1990-06";1080;1381;74;737;1650;184;;719;374;128;;;;;777.941;688.02;9271;0;1
"1990-05";1222;1862;90;956;2038;406;;748;514;118;;;;;740.617;703.459;8534;17.58;0.354
"1990-04";1171;1987;83;546;2529;1237;;721;325;143;;;;;1152.433;692.318;7578;157.972;1.284
"1990-03";1338;1947;83;701;2501;902;;781;370;129;;;;;889.145;706.292;7032;173.936;0.858
"1990-02";1178;2357;64;663;2808;1222;;697;421;240;;;;;1120.355;697.931;6331;148.109;0.556
"1990-01";1463;2109;75;-331;3828;2047;;746;459;337;;;;;1276.679;687.925;5668;286.053;0.925
"1989-12";1092;1473;91;-668;3142;1647;;660;370;355;;;;;;;5999;339.945;0.963
"1989-11";1317;1610;94;-731;3564;1845;;707;468;327;;;;;;;6667;288.146;1.134
"1989-10";1245;1878;100;-25;3048;1509;;717;594;273;;;;;;;7398;96.957;0.779
"1989-09";1193;1601;143;-472;3123;1274;;716;436;234;;;;;;;7423;0;1
"1989-08";832;1684;74;250;2192;676;;617;440;109;;;;;;;7895;0;1
"1989-07";765;1050;101;-166;1880;581;;727;289;125;;;;;;;7645;0;1
"1989-06";1348;1420;102;498;2168;455;;770;461;150;;;;;;;7811;0;1
"1989-05";1221;1781;98;908;1996;306;;796;582;141;;;;;;;7313;48.047;0.612
"1989-04";1322;1327;94;184;2371;769;;761;409;212;;;;;;;6405;234.175;1.41
"1989-03";1359;1172;98;390;2043;782;;771;318;183;;;;;;;6221;209.531;0.819
"1989-02";1312;1469;128;-671;3324;1460;;703;429;277;;;;;;;5831;303.151;0.948
"1989-01";1458;1252;85;-954;3579;1912;;770;327;361;;;;;;;6502;384.477;1.036
"1988-12";1322;976;197;-1549;3650;1976;;763;407;398;;;;;;;7456;325.026;0.921
"1988-11";1246;1198;243;-1766;3967;2048;;753;609;307;;;;;;;9005;310.682;1.222
"1988-10";1120;1390;187;-334;2657;874;;770;571;231;;;;;;;10771;113.799;0.914
"1988-09";1448;1191;224;163;2252;766;;710;446;281;;;;;;;11105;0;1
"1988-08";785;1193;203;-204;1979;403;;576;444;94;;;;;;;10942;0;1
"1988-07";776;1324;202;166;1732;335;;677;380;156;;;;;;;11146;0;1
"1988-06";1150;881;217;-47;1861;390;;700;392;211;;;;;;;10980;0;1
"1988-05";1062;949;141;-251;2121;571;;745;399;158;;;;;;;11027;72.67;0.926
"1988-04";1255;1153;138;153;2117;604;;701;399;146;;;;;;;11278;176.234;1.061
"1988-03";1570;1236;148;301;2357;842;;726;325;234;;;;;;;11125;298.589;1.167
"1988-02";1328;1070;121;-247;2524;937;;711;355;280;;;;;;;10824;334.762;1.047
"1988-01";1450;1268;141;55;2522;899;;743;372;400;;;;;;;11071;298.087;0.804
"1987-12";1317;1049;104;-784;3046;1274;;744;436;350;;;;;;;11016;362.009;1.026
"1987-11";1308;1074;125;-627;2884;1144;;679;575;403;;;;;;;11800;286.771;1.128
"1987-10";1545;1538;194;-213;3102;1165;;711;516;365;;;;;;;12427;123.469;0.991
"1987-09";1390;1101;144;-107;2454;783;;658;435;328;;;;;;;12640;0;1
"1987-08";980;1070;142;303;1605;657;;541;353;65;;;;;;;12747;0;1
"1987-07";1061;1040;104;-35;2032;434;;601;395;151;;;;;;;12444;0;1
"1987-06";1575;1272;88;1080;1679;312;;654;361;226;;;;;;;12479;0;1
"1987-05";1399;1524;69;763;2091;489;;684;454;197;;;;;;;11399;150.16;1.914
"1987-04";1516;1048;63;444;2057;744;;651;333;248;;;;;;;10636;149.017;0.897
"1987-03";1654;1567;80;325;2816;1171;;751;412;313;;;;;;;10192;354.937;1.388
"1987-02";1532;866;88;-526;2836;1171;;707;442;409;;;;;;;9867;358.649;1.122
"1987-01";1430;1631;127;-1044;3978;2194;;716;319;480;;;;;;;10393;563.627;1.519
"1986-12";1403;1104;54;-445;2898;1290;;643;433;412;;;;;;;11437;351.302;0.996
"1986-11";1547;1777;83;163;3078;1226;;711;466;349;;;;;;;11882;251.901;0.991
"1986-10";1831;1517;95;374;2879;1166;;731;595;354;;;;;;;11719;104.443;0.839
"1986-09";1545;1318;121;-408;3150;1379;;687;374;354;;;;;;;11345;0;1
"1986-08";1031;1259;107;544;1639;495;;509;298;161;;;;;;;11753;0;1
"1986-07";1040;1280;92;788;1440;293;;657;312;171;;;;;;;11209;0;1
"1986-06";1624;1678;113;1034;2155;259;;700;497;243;;;;;;;10421;0;1
"1986-05";1469;1791;135;1384;1741;314;;738;381;252;;;;;;;9387;85.399;1.089
"1986-04";1928;2246;99;696;3379;1509;;748;324;352;;;;;;;8003;273.481;1.647
"1986-03";1609;1530;140;-197;3196;1562;;770;435;359;;;;;;;7307;319.462;1.249
"1986-02";1643;1357;104;-1572;4468;2504;;782;389;430;;;;;;;7504;492.724;1.541
"1986-01";1814;1764;97;-499;3980;2082;;771;370;514;;;;;;;9076;386.648;1.042
"1985-12";1557;1585;146;-1301;4297;2283;;771;403;467;;;;;;;9575;341.453;0.968
"1985-11";1639;1649;160;-1229;4357;2247;;813;557;498;;;;;;;10876;370.703;1.458
"1985-10";1716;1492;149;-698;3757;1834;;822;563;384;;;;;;;12105;151.161;1.214
"1985-09";1516;1967;136;13;3334;1475;;749;534;290;;;;;;;12803;0;1
"1985-08";970;1522;137;461;1894;553;;596;377;127;;;;;;;12790;0;1
"1985-07";1378;1919;107;563;2627;869;;794;462;237;;;;;;;12329;0;1
"1985-06";1561;1863;116;812;2496;690;;832;493;273;;;;;;;11766;0;1
"1985-05";1521;1919;107;738;2595;744;;882;500;275;;;;;;;10954;113.163;1.443
"1985-04";1772;1721;127;511;2855;938;;859;509;306;;;;;;;10216;181.957;1.095
"1985-03";1760;1972;135;-178;3775;1875;;907;480;420;;;;;;;9705;341.435;1.335
"1985-02";1686;1333;212;-811;3618;1829;;844;378;430;;;;;;;9883;358.708;1.122
"1985-01";1866;2336;166;-1099;5135;2943;;817;477;497;;;;;;;10694;558.146;1.505
"1984-12";1442;1831;208;-351;3416;1623;;832;472;444;;;;;;;11793;375.087;1.063
"1984-11";1881;1757;208;232;3198;1464;;804;323;449;;;;;;;12144;204.416;0.804
"1984-10";2087;2263;238;276;3836;1508;;848;528;413;;;;;;;11912;136.61;1.097
"1984-09";1721;2031;161;527;3064;1564;;833;388;325;;;;;;;11636;0;1
"1984-08";1274;2561;155;999;2681;1107;;459;330;149;;;;;;;11109;0;1
"1984-07";1281;1437;122;-29;2625;1264;;825;290;175;;;;;;;10110;0;1
"1984-06";1663;1905;176;919;2473;788;;790;409;267;;;;;;;10139;0;1
"1984-05";1695;1461;134;-605;3627;1801;;830;302;258;;;;;;;9220;172.552;2.2
"1984-04";1788;2063;134;374;3343;1864;;778;302;314;;;;;;;9825;205.174;1.235
"1984-03";1983;2195;114;-506;4570;2822;;788;322;376;;;;;;;9451;339.404;1.327
"1984-02";1815;1915;92;-696;4334;2502;;778;377;413;;;;;;;9957;373.695;1.169
"1984-01";2074;2406;91;-370;4759;2767;;839;417;483;;;;;;;10653;372.969;1.005
"1983-12";1983;1543;168;-1735;5093;2815;;814;379;549;;;;;;;11023;378.676;1.073
"1983-11";1760;2039;156;-1082;4725;2876;;802;445;465;;;;;;;12758;271.731;1.069
"1983-10";1845;1319;175;-1254;4243;2473;;792;390;372;;;;;;;13840;156.911;1.26
"1983-09";1912;1281;133;-251;3311;1533;;765;465;336;;;;;;;15094;0;1
"1983-08";965;1308;121;421;1731;666;;417;283;189;;;;;;;15345;0;1
"1983-07";1121;1587;99;818;1791;906;;680;252;120;;;;;;;14924;0;1
"1983-06";1864;1533;146;416;2835;1183;;766;331;303;;;;;;;14106;0;1
"1983-05";1763;2020;113;421;3249;1262;;772;392;267;;;;;;;13690;141.422;1.803
"1983-04";1887;1785;124;16;3532;2109;;725;313;277;;;;;;;13269;211.73;1.275
"1983-03";2219;1997;110;-526;4632;2874;;754;326;392;;;;;;;13253;289.94;1.134
"1983-02";1911;1670;76;-671;4176;2822;;651;328;437;;;;;;;13779;394.079;1.233
"1983-01";2025;2172;73;-201;4325;2492;;701;320;451;;;;;;;14450;340.665;0.918
"1982-12";1946;2359;101;194;4010;2316;;629;488;468;;;;;;;14651;358.792;1.017
"1982-11";1957;2300;127;-522;4652;2676;;710;361;385;;;;;;;14457;237.709;0.935
"1982-10";1868;2046;139;-678;4453;2819;;807;514;370;;;;;;;14979;154.881;1.244
"1982-09";1947;1785;142;-536;4126;2390;;640;329;352;;;;;;;15657;0;1
"1982-08";1142;1879;108;183;2730;1505;;487;346;139;;;;;;;16193;0;1
"1982-07";1134;2268;107;323;2972;1458;;734;427;165;;;;;;;16010;0;1
"1982-06";1870;1955;155;528;3142;1607;;811;381;285;;;;;;;15687;0;1
"1982-05";1775;2294;147;210;3712;1889;;961;421;238;;;;;;;15159;98.191;1.252
"1982-04";2010;2355;150;-170;4385;2420;;961;564;274;;;;;;;14949;211.882;1.276
"1982-03";2355;2018;168;-1137;5342;3112;;1034;446;367;;;;;;;15119;304.089;1.189
"1982-02";1929;1889;164;-963;4617;2476;;939;321;407;;;;;;;16256;312.655;0.978
"1982-01";1888;1653;94;-882;4329;2433;;971;376;428;;;;;;;17219;367.239;0.99
"1981-12";1970;2600;179;-702;5093;2713;;917;430;479;;;;;;;18101;379.855;1.077
"1981-11";2107;2302;173;-775;5011;2766;;889;428;425;;;;;;;18803;280.073;1.102
"1981-10";2168;1956;164;-302;4262;2262;;931;360;365;;;;;;;19578;161.739;1.299
"1981-09";2094;2270;174;665;3525;1734;;978;429;381;;;;;;;19880;0;1
"1981-08";974;2800;141;550;3083;890;;799;262;179;;;;;;;19215;0;1
"1981-07";1320;2345;133;1228;2304;858;;931;315;225;;;;;;;18665;0;1
"1981-06";1925;2538;162;988;3313;1075;;970;279;301;;;;;;;17437;0;1
"1981-05";1946;3000;139;1491;3316;1316;;1049;345;292;;;;;;;16449;113.134;1.442
"1981-04";2107;2789;103;1187;3606;1613;;985;540;294;;;;;;;14958;183.518;1.105
"1981-03";2210;2888;118;783;4197;2270;;1002;314;413;;;;;;;13771;205.789;0.805
"1981-02";2141;2456;102;-1330;5825;2715;;906;388;472;;;;;;;12988;386.52;1.209
"1981-01";2286;2217;111;742;3650;2954;;936;284;563;;;;;;;14318;407.494;1.098
"1980-12";;;;;;;;;;;;;;;;;;423.706;1.201
"1980-11";;;;;;;;;;;;;;;;;;328.812;1.294
"1980-10";;;;;;;;;;;;;;;;;;179.046;1.438
"1980-09";;;;;;;;;;;;;;;;;;0;1
"1980-08";;;;;;;;;;;;;;;;;;0;1
"1980-07";;;;;;;;;;;;;;;;;;0;1
"1980-06";;;;;;;;;;;;;;;;;;0;1
"1980-05";;;;;;;;;;;;;;;;;;129.032;1.645
"1980-04";;;;;;;;;;;;;;;;;;231.595;1.394
"1980-03";;;;;;;;;;;;;;;;;;314.744;1.231
"1980-02";;;;;;;;;;;;;;;;;;286.527;0.896
"1980-01";;;;;;;;;;;;;;;;;;449.268;1.211
